{"accuracy": [0.5803257822990417, 0.8496052622795105, 0.9073476195335388, 0.9355146288871765, 0.9507361650466919, 0.9628138542175293, 0.969613790512085, 0.9734405279159546, 0.9787609577178955, 0.9810797572135925], "loss": [1.4396376609802246, 0.47328484058380127, 0.2857372760772705, 0.19751176238059998, 0.15026794373989105, 0.11256618052721024, 0.0927848368883133, 0.08097255229949951, 0.06589926779270172, 0.05778332054615021], "val_accuracy": [0.8021852970123291, 0.9120191335678101, 0.915831983089447, 0.9453107118606567, 0.909002959728241, 0.9410425424575806, 0.9566924571990967, 0.9610175490379333, 0.9507739543914795, 0.9586842656135559], "val_loss": [0.6326279640197754, 0.2805272042751312, 0.2510277330875397, 0.17344413697719574, 0.30211469531059265, 0.18338355422019958, 0.14097030460834503, 0.1306004822254181, 0.16297538578510284, 0.143302783370018]}