{"accuracy": [0.5742513537406921, 0.8512269854545593, 0.9094387888908386, 0.9385305047035217, 0.9521445631980896, 0.9643502235412598, 0.9693292379379272, 0.9745216369628906, 0.9771676659584045, 0.9807810187339783], "loss": [1.4526370763778687, 0.4708895981311798, 0.2793716490268707, 0.1892605572938919, 0.1447901427745819, 0.1085282564163208, 0.09556735306978226, 0.0782381147146225, 0.06957738846540451, 0.05879712849855423], "val_accuracy": [0.797518789768219, 0.8841907382011414, 0.9208968877792358, 0.9537901282310486, 0.9531072378158569, 0.9536762833595276, 0.9569770097732544, 0.9569770097732544, 0.955895721912384, 0.965228796005249], "val_loss": [0.6424077749252319, 0.35824331641197205, 0.25249844789505005, 0.14580820500850677, 0.13895730674266815, 0.14882971346378326, 0.13725319504737854, 0.14371073246002197, 0.14679425954818726, 0.11610405147075653]}